cvegeo,municipality_name,year,months_reported,crimes_total,crime_rate_per_1000,businesses_total,crimes_per_100_businesses
31050,Mérida,2015,12,21829,21.94,56664,38.52
31050,Mérida,2016,12,21345,21.45,56664,37.67
31050,Mérida,2017,12,15452,15.53,56664,27.27
31050,Mérida,2018,12,8740,8.78,56664,15.42
31050,Mérida,2019,12,11283,11.34,56664,19.91
31050,Mérida,2020,12,6530,6.56,56664,11.52
31050,Mérida,2021,12,6522,6.55,56664,11.51
31050,Mérida,2022,12,1820,1.83,56664,3.21
31050,Mérida,2023,12,1994,2.0,56664,3.52
31050,Mérida,2024,12,2003,2.01,56664,3.53
31050,Mérida,2025,12,3135,3.15,56664,5.53
